{"values":[
    { "id": "#minecraft:skeletons", "required": false },
    { "id": "minecraft:zombie", "required": false },
    { "id": "minecraft:zombie_villager", "required": false },
    { "id": "minecraft:drowned", "required": false },
    { "id": "minecraft:husk", "required": false },
    { "id": "minecraft:creeper", "required": false },
    { "id": "minecraft:blaze", "required": false },
    { "id": "minecraft:enderman", "required": false },
    { "id": "minecraft:guardian", "required": false },
    { "id": "minecraft:shulker", "required": false },
    { "id": "minecraft:silverfish", "required": false },
    { "id": "minecraft:spider", "required": false },
    { "id": "minecraft:cave_spider", "required": false },
    { "id": "minecraft:evoker", "required": false },
    { "id": "minecraft:vindicator", "required": false },
    { "id": "minecraft:witch", "required": false },
    { "id": "minecraft:zombified_piglin", "required": false },
    { "id": "minecraft:piglin", "required": false },
    { "id": "minecraft:piglin_brute", "required": false },
    { "id": "minecraft:magma_cube", "required": false },
    { "id": "minecraft:slime", "required": false },
    { "id": "minecraft:hoglin", "required": false },
    { "id": "minecraft:zoglin", "required": false },
    { "id": "minecraft:ravager", "required": false },
    { "id": "iceandfire:fire_dragon_female", "required": false },
    { "id": "iceandfire:fire_dragon_male", "required": false },
    { "id": "iceandfire:ice_dragon_female", "required": false },
    { "id": "iceandfire:ice_dragon_male", "required": false },
    { "id": "iceandfire:lightning_dragon_female", "required": false },
    { "id": "iceandfire:lightning_dragon_male", "required": false },
    { "id": "iceandfire:cyclops", "required": false },
    { "id": "iceandfire:deathworm_red", "required": false },
    { "id": "iceandfire:deathworm_red_giant", "required": false },
    { "id": "iceandfire:deathworm_tan", "required": false },
    { "id": "iceandfire:deathworm_tan_giant", "required": false },
    { "id": "iceandfire:deathworm_white", "required": false },
    { "id": "iceandfire:deathworm_white_giant", "required": false },
    { "id": "iceandfire:dread_beast", "required": false },
    { "id": "iceandfire:dread_knight", "required": false },
    { "id": "iceandfire:dread_lich", "required": false },
    { "id": "iceandfire:dread_scuttler", "required": false },
    { "id": "iceandfire:dread_thrall", "required": false },
    { "id": "iceandfire:ghost", "required": false },
    { "id": "iceandfire:gorgon", "required": false },
    { "id": "iceandfire:hydra", "required": false },
    { "id": "iceandfire:pixie", "required": false },
    { "id": "iceandfire:sea_serpent", "required": false },
    { "id": "iceandfire:siren", "required": false },
    { "id": "iceandfire:stymphalian_bird", "required": false },
    { "id": "iceandfire:troll_forest", "required": false },
    { "id": "iceandfire:troll_frost", "required": false },
    { "id": "iceandfire:troll_mountain", "required": false },
    { "id": "soulsweapons:accursed_lord_boss", "required": false },
    { "id": "soulsweapons:chaos_monarch", "required": false },
    { "id": "soulsweapons:dark_sorcerer", "required": false },
    { "id": "soulsweapons:day_stalker, "required": false },
    { "id": "soulsweapons:draugr_boss", "required": false },
    { "id": "soulsweapons:forlorn", "required": false }
    { "id": "soulsweapons:frost_giant", "required": false },
    { "id": "soulsweapons:moonknight", "required": false },
    { "id": "soulsweapons:night_prowler", "required": false },
    { "id": "soulsweapons:night_shade", "required": false }
    { "id": "soulsweapons:remnant", "required": false },
    { "id": "soulsweapons:returning_knight", "required": false },
    { "id": "soulsweapons:rime_spectre", "required": false },
    { "id": "soulsweapons:soulmass", "required": false },
    { "id": "soulsweapons:withered_demon", "required": false }]}
