{
  "pools": [
    {
      "rolls": 1,
      "entries": [
        {
          "type": "minecraft:item",
          "name": "minecraft:potion",
          "functions": [
            {
              "function": "minecraft:set_name",
              "target": "item_name",
              "name": {
                "text": "Medkit",
                "color": "#ff45f6",
                "italic": false
              }
            },
            {
              "function": "minecraft:set_components",
              "components": {
                "minecraft:potion_contents": {
                  "custom_effects": [
                    {
                      "id": "minecraft:instant_health",
                      "amplifier": 4,
                      "duration": 240
                    }
                  ]
                }
              }
            },
            {
              "function": "minecraft:set_potion",
              "id": "minecraft:strong_healing"
            },
            {
              "function": "minecraft:set_lore",
              "mode": "append",
              "lore": [
                {
                  "text": "MobCaptains",
                  "color": "blue",
                  "italic": false
                }
              ]
            }
          ],
          "weight": 90
        },
        {
          "type": "minecraft:item",
          "name": "minecraft:shield",
          "functions": [
            {
              "function": "minecraft:set_name",
              "target": "item_name",
              "name": {
                "text": "Riot Shield",
                "color": "#2c348f",
                "italic": false
              }
            },
            {
              "function": "minecraft:set_components",
              "components": {
                "minecraft:base_color": "white",
                "minecraft:banner_patterns": [
                  {
                    "color": "cyan",
                    "pattern": "gradient_up"
                  },
                  {
                    "color": "light_gray",
                    "pattern": "half_horizontal_bottom"
                  },
                  {
                    "color": "gray",
                    "pattern": "stripe_middle"
                  },
                  {
                    "color": "gray",
                    "pattern": "border"
                  }
                ]
              }
            },
            {
              "function": "minecraft:set_enchantments",
              "enchantments": {
                "minecraft:unbreaking": {
                  "min": 3,
                  "max": 5
                },
                "minecraft:protection": {
                  "min": 2,
                  "max": 4
                }
              }
            },
            {
              "function": "minecraft:set_lore",
              "mode": "append",
              "lore": [
                {
                  "text": "MobCaptains",
                  "color": "blue",
                  "italic": false
                }
              ]
            }
          ],
          "weight": 100
        },
        {
          "type": "minecraft:item",
          "name": "minecraft:stick",
          "functions": [
            {
              "function": "minecraft:set_name",
              "target": "item_name",
              "name": {
                "text": "Knockback Stick",
                "color": "#ff9d00",
                "italic": false
              }
            },
            {
              "function": "minecraft:set_enchantments",
              "enchantments": {
                "minecraft:knockback": {
                  "min": 2,
                  "max": 4
                }
              }
            },
            {
              "function": "minecraft:set_lore",
              "mode": "append",
              "lore": [
                {
                  "text": "MobCaptains",
                  "color": "blue",
                  "italic": false
                }
              ]
            }
          ],
          "weight": 100
        },
        {
          "type": "minecraft:item",
          "name": "minecraft:golden_axe",
          "functions": [
            {
              "function": "minecraft:set_name",
              "target": "item_name",
              "name": {
                "text": "Greed",
                "color": "#d99307",
                "italic": false
              }
            },
            {
              "function": "minecraft:set_enchantments",
              "enchantments": {
                "minecraft:looting": {
                  "min": 1,
                  "max": 4
                }
              }
            },
            {
              "function": "minecraft:set_lore",
              "mode": "append",
              "lore": [
                {
                  "text": "MobCaptains",
                  "color": "blue",
                  "italic": false
                }
              ]
            }
          ],
          "weight": 80
        },
        {
          "type": "minecraft:item",
          "name": "minecraft:leather_helmet",
          "functions": [
            {
              "function": "minecraft:set_name",
              "target": "item_name",
              "name": {
                "text": "Propeller Hat",
                "color": "#00ff00",
                "italic": false
              }
            },
            {
              "function": "minecraft:set_enchantments",
              "enchantments": {
                "minecraft:feather_falling": {
                  "min": 1,
                  "max": 4
                }
              }
            },
            {
              "function": "minecraft:set_components",
              "components": {
                "minecraft:dyed_color": 16711680
              }
            },
            {
              "function": "minecraft:set_lore",
              "mode": "append",
              "lore": [
                {
                  "text": "MobCaptains",
                  "color": "blue",
                  "italic": false
                }
              ]
            }
          ],
          "weight": 100
        },
        {
          "type": "minecraft:item",
          "name": "minecraft:golden_chestplate",
          "functions": [
            {
              "function": "minecraft:set_name",
              "target": "item_name",
              "name": {
                "text": "Cactus",
                "color": "#30de00",
                "italic": false
              }
            },
            {
              "function": "minecraft:set_enchantments",
              "enchantments": {
                "minecraft:thorns": {
                  "min": 2,
                  "max": 5
                }
              }
            },
            {
              "function": "minecraft:set_lore",
              "mode": "append",
              "lore": [
                {
                  "text": "MobCaptains",
                  "color": "blue",
                  "italic": false
                }
              ]
            }
          ],
          "weight": 100
        },
        {
          "type": "minecraft:item",
          "name": "minecraft:wooden_sword",
          "functions": [
            {
              "function": "minecraft:set_name",
              "target": "item_name",
              "name": {
                "text": "Match",
                "color": "#c23511",
                "italic": false
              }
            },
            {
              "function": "minecraft:set_enchantments",
              "enchantments": {
                "minecraft:fire_aspect": {
                  "min": 1,
                  "max": 4
                }
              }
            },
            {
              "function": "minecraft:set_lore",
              "mode": "append",
              "lore": [
                {
                  "text": "MobCaptains",
                  "color": "blue",
                  "italic": false
                }
              ]
            }
          ],
          "weight": 100
        },
        {
          "type": "minecraft:item",
          "name": "minecraft:crossbow",
          "functions": [
            {
              "function": "minecraft:set_name",
              "target": "item_name",
              "name": {
                "text": "Multiplier",
                "color": "#96ffcb",
                "italic": false
              }
            },
            {
              "function": "minecraft:set_enchantments",
              "enchantments": {
                "minecraft:piercing": {
                  "min": 1,
                  "max": 4
                },
                "minecraft:multishot": 1
              }
            },
            {
              "function": "minecraft:set_lore",
              "mode": "append",
              "lore": [
                {
                  "text": "MobCaptains",
                  "color": "blue",
                  "italic": false
                }
              ]
            }
          ],
          "weight": 90
        },
        {
          "type": "minecraft:item",
          "name": "minecraft:iron_axe",
          "functions": [
            {
              "function": "minecraft:set_name",
              "target": "item_name",
              "name": {
                "text": "Mj\u00f6lnir",
                "color": "#fff291",
                "italic": false
              }
            },
            {
              "function": "minecraft:set_enchantments",
              "enchantments": {
                "minecraft:smite": {
                  "min": 2,
                  "max": 5
                }
              }
            },
            {
              "function": "minecraft:set_lore",
              "mode": "append",
              "lore": [
                {
                  "text": "MobCaptains",
                  "color": "blue",
                  "italic": false
                }
              ]
            }
          ],
          "weight": 90
        },
        {
          "type": "minecraft:item",
          "name": "minecraft:stone_axe",
          "functions": [
            {
              "function": "minecraft:set_name",
              "target": "item_name",
              "name": {
                "text": "Primitive Chainsaw",
                "color": "#383130",
                "italic": false
              }
            },
            {
              "function": "minecraft:set_enchantments",
              "enchantments": {
                "minecraft:efficiency": {
                  "min": 3,
                  "max": 6
                }
              }
            },
            {
              "function": "minecraft:set_lore",
              "mode": "append",
              "lore": [
                {
                  "text": "MobCaptains",
                  "color": "blue",
                  "italic": false
                }
              ]
            }
          ],
          "weight": 90
        },
        {
          "type": "minecraft:item",
          "name": "minecraft:golden_pickaxe",
          "functions": [
            {
              "function": "minecraft:set_name",
              "target": "item_name",
              "name": {
                "text": "Primitive Mining Drill",
                "color": "#756e6c",
                "italic": false
              }
            },
            {
              "function": "minecraft:set_enchantments",
              "enchantments": {
                "minecraft:efficiency": {
                  "min": 3,
                  "max": 6
                }
              }
            },
            {
              "function": "minecraft:set_lore",
              "mode": "append",
              "lore": [
                {
                  "text": "MobCaptains",
                  "color": "blue",
                  "italic": false
                }
              ]
            }
          ],
          "weight": 90
        }
      ]
    }
  ]
}
