{
  "pools": [
    {
      "rolls": 1,
      "entries": [
        {
          "type": "minecraft:item",
          "name": "minecraft:golden_chestplate",
          "functions": [
            {
              "function": "minecraft:set_name",
              "target": "item_name",
              "name": {
                "text": "S.W.A.T. Vest",
                "color": "#997932",
                "italic": false
              }
            },
            {
              "function": "minecraft:set_enchantments",
              "enchantments": {
                "minecraft:binding_curse": 1,
                "minecraft:protection": {
                  "min": 4,
                  "max": 7
                }
              }
            },
            {
              "function": "minecraft:set_lore",
              "mode": "append",
              "lore": [
                {
                  "text": "MobCaptains",
                  "color": "blue",
                  "italic": false
                }
              ]
            }
          ],
          "weight": 80
        },
        {
          "type": "minecraft:item",
          "name": "minecraft:iron_pickaxe",
          "functions": [
            {
              "function": "minecraft:set_name",
              "target": "item_name",
              "name": {
                "text": "Gem Magnet",
                "color": "#ff0001",
                "italic": false
              }
            },
            {
              "function": "minecraft:set_enchantments",
              "enchantments": {
                "minecraft:fortune": {
                  "min": 2,
                  "max": 4
                }
              }
            },
            {
              "function": "minecraft:set_lore",
              "mode": "append",
              "lore": [
                {
                  "text": "MobCaptains",
                  "color": "blue",
                  "italic": false
                }
              ]
            }
          ],
          "weight": 70
        },
        {
          "type": "minecraft:item",
          "name": "minecraft:iron_horse_armor",
          "functions": [
            {
              "function": "minecraft:set_name",
              "target": "item_name",
              "name": {
                "text": "Tough Horse Armor",
                "color": "#995f32",
                "italic": false
              }
            },
            {
              "function": "minecraft:set_enchantments",
              "enchantments": {
                "minecraft:protection": {
                  "min": 1,
                  "max": 4
                }
              }
            },
            {
              "function": "minecraft:set_lore",
              "mode": "append",
              "lore": [
                {
                  "text": "MobCaptains",
                  "color": "blue",
                  "italic": false
                }
              ]
            }
          ],
          "weight": 100
        },
        {
          "type": "minecraft:item",
          "name": "minecraft:iron_boots",
          "functions": [
            {
              "function": "minecraft:set_name",
              "target": "item_name",
              "name": {
                "text": "Long Fall Boots",
                "color": "#44d3e3",
                "italic": false
              }
            },
            {
              "function": "minecraft:set_enchantments",
              "enchantments": {
                "minecraft:feather_falling": {
                  "min": 5,
                  "max": 6
                }
              }
            },
            {
              "function": "minecraft:set_lore",
              "mode": "append",
              "lore": [
                {
                  "text": "MobCaptains",
                  "color": "blue",
                  "italic": false
                }
              ]
            }
          ],
          "weight": 80
        },
        {
          "type": "minecraft:item",
          "name": "minecraft:golden_leggings",
          "functions": [
            {
              "function": "minecraft:set_name",
              "target": "item_name",
              "name": {
                "text": "S.W.A.T. Pants",
                "color": "#997932",
                "italic": false
              }
            },
            {
              "function": "minecraft:set_enchantments",
              "enchantments": {
                "minecraft:binding_curse": 1,
                "minecraft:protection": {
                  "min": 4,
                  "max": 7
                }
              }
            },
            {
              "function": "minecraft:set_lore",
              "mode": "append",
              "lore": [
                {
                  "text": "MobCaptains",
                  "color": "blue",
                  "italic": false
                }
              ]
            }
          ],
          "weight": 80
        },
        {
          "type": "minecraft:item",
          "name": "minecraft:chainmail_boots",
          "functions": [
            {
              "function": "minecraft:set_name",
              "target": "item_name",
              "name": {
                "text": "Soul Stepper",
                "color": "#45b3cc",
                "italic": false
              }
            },
            {
              "function": "minecraft:set_enchantments",
              "enchantments": {
                "minecraft:soul_speed": {
                  "min": 4,
                  "max": 5
                },
                "minecraft:unbreaking": 2
              }
            },
            {
              "function": "minecraft:set_lore",
              "mode": "append",
              "lore": [
                {
                  "text": "MobCaptains",
                  "color": "blue",
                  "italic": false
                }
              ]
            }
          ],
          "weight": 100
        },
        {
          "type": "minecraft:item",
          "name": "minecraft:diamond_boots",
          "functions": [
            {
              "function": "minecraft:set_name",
              "target": "item_name",
              "name": {
                "text": "Winter Flippers",
                "color": "#abedeb",
                "italic": false
              }
            },
            {
              "function": "minecraft:set_enchantments",
              "enchantments": {
                "minecraft:frost_walker": {
                  "min": 1,
                  "max": 2
                },
                "minecraft:depth_strider": {
                  "min": 1,
                  "max": 3
                }
              }
            },
            {
              "function": "minecraft:set_lore",
              "mode": "append",
              "lore": [
                {
                  "text": "MobCaptains",
                  "color": "blue",
                  "italic": false
                }
              ]
            }
          ],
          "weight": 90
        },
        {
          "type": "minecraft:item",
          "name": "minecraft:turtle_helmet",
          "functions": [
            {
              "function": "minecraft:set_name",
              "target": "item_name",
              "name": {
                "text": "Diving Helmet",
                "color": "#21ff55",
                "italic": false
              }
            },
            {
              "function": "minecraft:set_enchantments",
              "enchantments": {
                "minecraft:respiration": {
                  "min": 2,
                  "max": 4
                },
                "minecraft:depth_strider": {
                  "min": 1,
                  "max": 3
                }
              }
            },
            {
              "function": "minecraft:set_lore",
              "mode": "append",
              "lore": [
                {
                  "text": "MobCaptains",
                  "color": "blue",
                  "italic": false
                }
              ]
            }
          ],
          "weight": 100
        },
        {
          "type": "minecraft:item",
          "name": "minecraft:chainmail_chestplate",
          "functions": [
            {
              "function": "minecraft:set_name",
              "target": "item_name",
              "name": {
                "text": "Bulletproof Vest",
                "color": "#edc266",
                "italic": false
              }
            },
            {
              "function": "minecraft:set_enchantments",
              "enchantments": {
                "minecraft:projectile_protection": {
                  "min": 4,
                  "max": 6
                }
              }
            },
            {
              "function": "minecraft:set_lore",
              "mode": "append",
              "lore": [
                {
                  "text": "MobCaptains",
                  "color": "blue",
                  "italic": false
                }
              ]
            }
          ],
          "weight": 100
        },
        {
          "type": "minecraft:item",
          "name": "minecraft:iron_sword",
          "functions": [
            {
              "function": "minecraft:set_name",
              "target": "item_name",
              "name": {
                "text": "Apocalypse",
                "color": "#d90000",
                "italic": false
              }
            },
            {
              "function": "minecraft:set_enchantments",
              "enchantments": {
                "minecraft:sharpness": {
                  "min": 1,
                  "max": 5
                },
                "minecraft:smite": {
                  "min": 1,
                  "max": 5
                }
              }
            },
            {
              "function": "minecraft:set_lore",
              "mode": "append",
              "lore": [
                {
                  "text": "MobCaptains",
                  "color": "blue",
                  "italic": false
                }
              ]
            }
          ],
          "weight": 90
        }
      ]
    }
  ]
}
