{
  "pools": [
    {
      "rolls": 1,
      "entries": [
        {
          "type": "minecraft:item",
          "name": "minecraft:elytra",
          "functions": [
            {
              "function": "minecraft:set_name",
              "target": "item_name",
              "name": {
                "text": "Plated Elytra",
                "color": "#ccbdf0",
                "italic": false
              }
            },
            {
              "function": "minecraft:set_enchantments",
              "enchantments": {
                "minecraft:protection": {
                  "min": 2,
                  "max": 4
                }
              }
            },
            {
              "function": "minecraft:set_lore",
              "mode": "append",
              "lore": [
                {
                  "text": "MobCaptains",
                  "color": "blue",
                  "italic": false
                }
              ]
            }
          ],
          "weight": 20
        },
        {
          "type": "minecraft:item",
          "name": "minecraft:diamond_chestplate",
          "functions": [
            {
              "function": "minecraft:set_name",
              "target": "item_name",
              "name": {
                "text": "Immortal",
                "color": "#ff9ee5",
                "italic": false
              }
            },
            {
              "function": "minecraft:set_enchantments",
              "enchantments": {
                "minecraft:protection": {
                  "min": 2,
                  "max": 4
                },
                "minecraft:blast_protection": {
                  "min": 2,
                  "max": 4
                },
                "minecraft:projectile_protection": {
                  "min": 2,
                  "max": 4
                },
                "minecraft:fire_protection": {
                  "min": 2,
                  "max": 4
                }
              }
            },
            {
              "function": "minecraft:set_lore",
              "mode": "append",
              "lore": [
                {
                  "text": "MobCaptains",
                  "color": "blue",
                  "italic": false
                }
              ]
            }
          ],
          "weight": 20
        },
        {
          "type": "minecraft:item",
          "name": "minecraft:bow",
          "functions": [
            {
              "function": "minecraft:set_name",
              "target": "item_name",
              "name": {
                "text": "Robin's Bow",
                "color": "#49db00",
                "italic": false
              }
            },
            {
              "function": "minecraft:set_enchantments",
              "enchantments": {
                "minecraft:mending": 1,
                "minecraft:infinity": 1
              }
            },
            {
              "function": "minecraft:set_lore",
              "mode": "append",
              "lore": [
                {
                  "text": "MobCaptains",
                  "color": "blue",
                  "italic": false
                }
              ]
            }
          ],
          "weight": 20
        },
		{
			"type": "minecraft:item",
			"name": "iceandfire:armor_amythest_boots",
			"functions": [
			{
				"function": "minecraft:set_name",
				"target": "item_name",
				"name": {
					"text": "Stormheart's Thunderhooves",
					"color": "#9966cc",
					"italic": false
				}
			},
			{
				"function": "minecraft:set_enchantments",
				"enchantments": {
					"minecraft:protection": {
						"min": 5,
						"max": 7
					},
					"minecraft:blast_protection": {
						"min": 5,
						"max": 7
					},
					"minecraft:fire_protection": {
						"min": 5,
						"max": 7
					},
					"minecraft:projectile_protection": {
						"min": 5,
						"max": 7
					},
					"minecraft:unbreaking": {
						"min": 5,
						"max": 7
					}
				}
			},
			{
				"function": "minecraft:set_lore",
				"mode": "append",
				"lore": [
				{
					"text": "Violet energy emanates from their soles.",
					"color": "blue",
					"italic": false
				}
				]
			}
			],
			"weight": 10
		},
		{
			"type": "minecraft:item",
			"name": "iceandfire:armor_amythest_chestplate",
			"functions": [
			{
				"function": "minecraft:set_name",
				"target": "item_name",
				"name": {
					"text": "Stormheart's Thunderplate",
					"color": "#9966cc",
					"italic": false
				}
			},
			{
				"function": "minecraft:set_enchantments",
				"enchantments": {
					"minecraft:protection": {
						"min": 5,
						"max": 7
					},
					"minecraft:blast_protection": {
						"min": 5,
						"max": 7
					},
					"minecraft:fire_protection": {
						"min": 5,
						"max": 7
					},
					"minecraft:projectile_protection": {
						"min": 5,
						"max": 7
					},
					"minecraft:unbreaking": {
						"min": 5,
						"max": 7
					}
				}
			},
			{
				"function": "minecraft:set_lore",
				"mode": "append",
				"lore": [
				{
					"text": "The heart of the storm resides within.",
					"color": "blue",
					"italic": false
				}
				]
			}
			],
			"weight": 10
		},
		{
			"type": "minecraft:item",
			"name": "iceandfire:armor_amythest_helmet",
			"functions": [
			{
				"function": "minecraft:set_name",
				"target": "item_name",
				"name": {
					"text": "Stormheart's Shardhelm",
					"color": "#9966cc",
					"italic": false
				}
			},
			{
				"function": "minecraft:set_enchantments",
				"enchantments": {
					"minecraft:protection": {
						"min": 5,
						"max": 7
					},
					"minecraft:blast_protection": {
						"min": 5,
						"max": 7
					},
					"minecraft:fire_protection": {
						"min": 5,
						"max": 7
					},
					"minecraft:projectile_protection": {
						"min": 5,
						"max": 7
					},
					"minecraft:unbreaking": {
						"min": 5,
						"max": 7
					}
				}
			},
			{
				"function": "minecraft:set_lore",
				"mode": "append",
				"lore": [
				{
					"text": "A violet crown against the tempest's fury.",
					"color": "blue",
					"italic": false
				}
				]
			}
			],
			"weight": 10
		},
		{
			"type": "minecraft:item",
			"name": "iceandfire:armor_amythest_leggings",
			"functions": [
			{
				"function": "minecraft:set_name",
				"target": "item_name",
				"name": {
					"text": "Stormheart's Lightning Strands",
					"color": "#9966cc",
					"italic": false
				}
			},
			{
				"function": "minecraft:set_enchantments",
				"enchantments": {
					"minecraft:protection": {
						"min": 5,
						"max": 7
					},
					"minecraft:blast_protection": {
						"min": 5,
						"max": 7
					},
					"minecraft:fire_protection": {
						"min": 5,
						"max": 7
					},
					"minecraft:projectile_protection": {
						"min": 5,
						"max": 7
					},
					"minecraft:unbreaking": {
						"min": 5,
						"max": 7
					}
				}
			},
			{
				"function": "minecraft:set_lore",
				"mode": "append",
				"lore": [
				{
					"text": "Woven with the dragon's static essence.",
					"color": "blue",
					"italic": false
				}
				]
			}
			],
			"weight": 10
		}
      ]
    }
  ]
}
