{
  "pools": [
    {
      "rolls": 1,
      "entries": [
        {
          "type": "minecraft:loot_table",
          "weight": 80,
          "value": "ps-mob:base/common",
          "conditions": [
            {
              "condition": "minecraft:killed_by_player"
            }
          ]
        },
        {
          "type": "minecraft:loot_table",
          "weight": 13,
          "value": "ps-mob:base/uncommon",
          "conditions": [
            {
              "condition": "minecraft:killed_by_player"
            }
          ]
        },
        {
          "type": "minecraft:loot_table",
          "weight": 6,
          "value": "ps-mob:base/rare",
          "conditions": [
            {
              "condition": "minecraft:killed_by_player"
            }
          ]
        },
        {
          "type": "minecraft:loot_table",
          "weight": 1,
          "value": "ps-mob:base/legendary",
          "conditions": [
            {
              "condition": "minecraft:killed_by_player"
            }
          ]
        }
      ]
    }
  ]
}
